   | Monday May 09, 2022, New Delhi                                                        
                                                           | Monday May 09, 2022, New Delhi                                                        
                                                        
															Reported by 
															Reported by , Edited by , Edited by   | Monday May 09, 2022, Dharamshala                                                        
                                                          | Monday May 09, 2022, Dharamshala                                                        
                                                           | Monday May 09, 2022, Lucknow                                                        
                                                           | Monday May 09, 2022, Lucknow                                                        
                                                           | Monday May 09, 2022, New Delhi                                                        
                                                           | Monday May 09, 2022, New Delhi                                                        
                                                        
															Edited by 
															Edited by   | Monday May 09, 2022, New Delhi                                                        
                                                          | Monday May 09, 2022, New Delhi                                                        
                                                           | Monday May 09, 2022, Guwahati                                                        
                                                           | Monday May 09, 2022, Guwahati                                                        
                                                           | Monday May 09, 2022, New Delhi                                                        
                                                           | Monday May 09, 2022, New Delhi                                                        
                                                        
															Edited by 
															Edited by   | Monday May 09, 2022, New Delhi                                                        
                                                          | Monday May 09, 2022, New Delhi                                                        
                                                           | Monday May 09, 2022, New Delhi                                                        
                                                           | Monday May 09, 2022, New Delhi                                                        
                                                           | Monday May 09, 2022, Andaman and Nicobar                                                        
                                                           | Monday May 09, 2022, Andaman and Nicobar                                                        
                                                        
															Reported by 
															Reported by , Edited by , Edited by   | Monday May 09, 2022, Shimla                                                        
                                                          | Monday May 09, 2022, Shimla                                                        
                                                           | Sunday May 08, 2022, Mumbai                                                        
                                                           | Sunday May 08, 2022, Mumbai                                                        
                                                        
															Reported by 
															Reported by , Edited by , Edited by   | Sunday May 08, 2022, Chandigarh                                                        
                                                          | Sunday May 08, 2022, Chandigarh                                                        
                                                        
															Sunday May 08, 2022, Deoria (UP)                                                        
                                                        
															Sunday May 08, 2022, Deoria (UP)                                                        
                                                        
															Written by 
															Written by   | Sunday May 08, 2022, Ujjain, Madhya Pradesh                                                        
                                                          | Sunday May 08, 2022, Ujjain, Madhya Pradesh                                                        
                                                        